{"cameraMode":{"drawMode":0,"name":"Shaded","section":"Shading Mode"},"sceneLighting":true,"audioPlay":false,"sceneViewState":{"m_AlwaysRefresh":false,"showFog":true,"showSkybox":true,"showFlares":true,"showImageEffects":true,"showParticleSystems":true,"showVisualEffectGraphs":true,"m_FxEnabled":true},"in2DMode":false,"pivot":{"x":-45.09614181518555,"y":1.3498268127441407,"z":-7.494774341583252},"rotation":{"x":-0.1249425858259201,"y":0.02638581022620201,"z":-0.0033275100868195297,"w":-0.9918466210365295},"size":0.7141428589820862,"orthographic":false}